date,cm10yr,cm5f5,cm5yr,cp3m_spread_m,ebp,ed2_tc,ed3_tc,ed4_tc,ff,ff4_tc,ff_exp1yr,gs1,gs2,logcpi,logip,mortg_spread_m,mp1_tc,dlogip,dlogcpi
1979-07-01,8.9499998,9.0023813,8.8976192,.51500028,-.22395299,,,,10.47,,,9.6400003,9.1400003,429.0459,394.33411,2.1400001,,,
1979-08-01,9.0295649,8.9986954,9.0604343,.78499979,-.31748801,,,,10.94,,,9.9799995,9.46,430.00031,393.67551,2.0599999,,-7.9031982,11.452881
1979-09-01,9.3347368,9.2610531,9.4084215,1.255,-.089455999,,,,11.43,,,10.84,10.06,430.94559,393.81561,1.97,,1.6812744,11.343384
1979-10-01,10.299091,9.9704542,10.627727,1.415,-.91215801,,,,13.77,,,12.44,11.49,432.01511,394.3526,1.34,,6.4438477,12.834229
1979-11-01,10.653158,10.38105,10.925263,1.665,-.16622201,,,,13.18,,,12.39,11.81,433.0733,394.25211,2.1800001,,-1.2059326,12.698364
1979-12-01,10.386,10.3565,10.4155,1.085,.127869,,,,13.78,,,11.98,11.39,434.25061,394.32251,2.509999,,.84484863,14.127686
1980-01-01,10.802273,10.86091,10.743636,.92500007,-.102562,,,,13.82,,,12.06,11.5,435.6709,394.75119,2.0799999,,5.144165,17.043457
1980-02-01,12.414737,12.23316,12.596316,.80500019,-.58488202,,,,14.13,,,13.92,13.42,436.94479,394.82971,.63000011,,.94226074,15.286743
1980-03-01,12.749048,12.02857,13.469524,1.495,.25607601,,,,17.190001,,,15.82,14.88,438.32761,394.52219,2.53,,-3.6903076,16.59375
1980-04-01,11.473333,11.10286,11.84381,2.4649999,-.73117501,,,,17.610001,,,13.3,12.5,439.32141,392.48209,4.8600001,,-24.481201,11.925659
1980-05-01,10.181429,10.41714,9.945714,.79500002,.024596,,,,10.98,,,9.3900003,9.4499998,440.30539,389.9928,4.0799999,,-29.87146,11.807739
1980-06-01,9.7780952,10.34476,9.2114286,1.085001,-.089556001,,,,9.4700003,,,8.1599998,8.7299995,441.27979,388.76419,2.9300001,,-14.743286,11.692749
1980-07-01,10.247727,10.96682,9.528636,.2349996,.093039997,,,,9.0299997,,,8.6499996,9.0299997,441.401,388.1019,1.9400001,,-7.9475098,1.4545898
1980-08-01,11.101905,11.36476,10.839048,.32499969,-.041168999,,,,9.6099997,,,10.24,10.53,442.12469,388.38931,1.46,,3.4489746,8.6843262
1980-09-01,11.508571,11.39905,11.618095,.58499998,-.073297001,,,,10.87,,,11.52,11.57,442.96259,389.98679,1.6900001,,19.169678,10.054688
1980-10-01,11.751364,11.64136,11.861364,.78500068,-.297335,,,,12.81,,,12.49,12.09,443.91159,391.2341,2.04,,14.967773,11.388062
1980-11-01,12.684706,12.53471,12.834706,1.335001,.26447001,,,,15.85,,,14.15,13.51,444.96851,392.94519,1.53,,20.533081,12.682983
1980-12-01,12.844091,12.44091,13.247273,2.4649999,-.103086,,,,18.9,,,14.88,14.08,445.8988,393.53491,1.95,,7.0766602,11.163574
1981-01-01,12.568571,12.36667,12.770476,1.4450001,.324857,,,,19.08,,,14.08,13.26,446.8204,392.9798,2.3299999,,-6.661377,11.059204
1981-02-01,13.194444,12.97667,13.412222,.58499998,.103979,,,,15.93,,,14.57,13.92,447.7337,392.5141,1.940001,,-5.5883789,10.959595
1981-03-01,13.115909,12.82364,13.408182,.46500009,-.035854999,,,,14.7,,,13.71,13.57,448.41321,393.0321,2.28,,6.2160645,8.1540527
1981-04-01,13.679524,13.3681,13.990952,.75500101,.50134301,,,,15.72,,,14.32,14.15,448.97589,392.60281,1.9,,-5.1514893,6.7521973
1981-05-01,14.0995,13.574,14.625,1.145,.26379901,,,,18.52,,,16.200001,15.46,449.64709,393.21509,2.299999,,7.34729,8.0544434
1981-06-01,13.472273,12.99136,13.953182,1.475,.42459199,,,,19.1,,,14.86,14.51,450.535,393.67551,3.23,,5.5250244,10.654907
1981-07-01,14.280909,13.77182,14.79,1.9349999,.412094,,,,19.040001,,,15.72,15.35,451.63391,394.302,2.55,,7.5179443,13.18689
1981-08-01,14.937143,14.31048,15.56381,1.605,.239638,,,,17.82,,,16.719999,16.280001,452.396,394.29501,2.3500011,,-.083862305,9.1450195
1981-09-01,15.32381,14.71762,15.93,1.275001,.39655101,,,,15.87,,,16.52,16.459999,453.3674,393.65948,2.8399999,,-7.6263428,11.65686
1981-10-01,15.148095,14.88952,15.406667,1.195001,.57229,,,,15.08,,,15.38,15.54,453.68909,392.9584,3.3000009,,-8.4129639,3.8602295
1981-11-01,13.392778,13.41,13.375556,1.1849999,.160274,,,,13.31,,,12.41,12.88,454.11649,391.84879,4.4400001,,-13.31543,5.1287842
1981-12-01,13.724545,13.84864,13.600455,1.155,.54532802,,,,12.37,,,12.85,13.29,454.43579,390.73761,3.2,,-13.334106,3.831665
1982-01-01,14.594,14.5425,14.6455,.69500059,.75689399,,,,13.22,,,14.32,14.57,454.75409,388.75009,2.809999,,-23.85022,3.8195801
1982-02-01,14.425556,14.31056,14.540556,.93500042,.453381,,,,14.78,,,14.73,14.82,455.07141,390.68839,3.1700001,,23.259521,3.8078613
1982-03-01,13.861304,13.74522,13.977391,1.005,.90809101,,,,14.68,,,13.95,14.19,455.07141,389.94629,3.3,,-8.9051514,0
1982-04-01,13.871905,13.74,14.00381,1.245001,.69748002,,,,14.94,,,13.98,14.2,455.3877,389.0759,3.02,,-10.444702,3.7954102
1982-05-01,13.6225,13.491,13.754,1.215,.712093,,,,14.45,,,13.34,13.78,456.3306,388.457,3.0599999,,-7.4267578,11.314819
1982-06-01,14.299545,14.17273,14.426364,1.375,.64298099,,,,14.15,,,14.07,14.47,457.4711,388.12091,2.400001,,-4.0330811,13.686035
1982-07-01,13.94619,13.82524,14.067143,1.474999,.61346602,,,,12.59,,,13.24,13.8,457.9852,387.80441,2.8699999,,-3.7979736,6.1691895
1982-08-01,13.055,13.11182,12.998182,1.355,-.113349,,,,10.12,,,11.43,12.32,458.19019,386.96979,3.21,,-10.015503,2.4598389
1982-09-01,12.339048,12.43,12.248095,2.325,.47666401,,,,10.31,,,10.85,11.78,458.19019,386.6297,3.0899999,,-4.0810547,0
1982-10-01,10.9065,11.0135,10.7995,1.375,.12542699,,,,9.71,,,9.3199997,10.19,458.59869,385.76599,3.7,,-10.364502,4.9020996
1982-11-01,10.550526,10.71947,10.381579,.50500011,.49941301,,,,9.1999998,,,9.1599998,9.8000002,458.4967,385.37451,3.28,,-4.6977539,-1.223877
1982-12-01,10.54,10.85773,10.222273,.45500031,.69748199,,,,8.9499998,,,8.9099998,9.6599998,458.19019,384.64511,3.0799999,,-8.7528076,-3.6782227
1983-01-01,10.457143,10.88857,10.025714,.1950001,.328926,,,,8.6800003,,,8.6199999,9.3299999,458.39471,386.54199,2.79,,22.762573,2.4543457
1983-02-01,10.724737,11.19211,10.257368,.1150007,.26702201,,,,8.5100002,,,8.9200001,9.6400003,458.4967,385.9379,2.3199999,,-7.2491455,1.223877
1983-03-01,10.506522,10.92957,10.083478,.055000201,.215837,,,,8.7700005,,8.3610134,9.04,9.6599998,458.59869,386.77011,2.29,,9.9865723,1.223877
1983-04-01,10.4,10.7785,10.0215,.20499989,.119112,,,,8.8000002,,8.394558,8.9799995,9.5699997,459.30981,387.9783,2.3800001,,14.498291,8.5334473
1983-05-01,10.38,10.72571,10.034286,.0250005,-.081389003,,,,8.6300001,,8.5609465,8.8999996,9.4899998,459.71381,388.66171,2.25,,8.2009277,4.8479004
1983-06-01,10.848636,11.06909,10.628182,.0950002,.087245002,,,,8.9799995,,9.0054874,9.6599998,10.18,459.91519,389.20261,2.02,,6.4907227,2.416626
1983-07-01,11.377,11.545,11.209,.055000201,-.075866997,,,,9.3699999,,9.3365812,10.2,10.69,460.3168,390.71069,2.04,,18.097046,4.8193359
1983-08-01,11.846087,12.06609,11.626087,.085000001,-.177673,,,,9.5600004,,9.4681559,10.53,11.07,460.617,391.79379,1.96,,12.997192,3.602417
1983-09-01,11.65381,11.87762,11.43,.1249999,-.047111999,,,,9.4499998,,9.2207317,10.16,10.79,460.9162,393.30539,2.0799999,,18.13916,3.590332
1983-10-01,11.541,11.804,11.278,.2349996,-.065370001,,,,9.4799995,,9.1824389,9.8100004,10.57,461.31381,394.11081,2,,9.6650391,4.7713623
1983-11-01,11.69,11.97105,11.408947,.22500031,.047045,,,,9.3400002,,9.2758732,9.9399996,10.66,461.61099,394.41861,1.75,,3.6936035,3.5661621
1983-12-01,11.829524,12.11429,11.544762,.4149999,.129582,,,,9.4700003,,9.5174999,10.11,10.84,461.90729,394.92841,1.59,,6.1175537,3.555542
1984-01-01,11.674286,11.98,11.368571,.1850004,.057239,0,0,0,9.5600004,,9.4237499,9.8999996,10.64,462.59531,396.93311,1.7,,24.056396,8.2562256
1984-02-01,11.842105,12.14579,11.538421,.1149997,-.050522,.0099999998,0,-.0099999998,9.5900002,,9.6455288,10.04,10.79,463.0838,397.42709,1.389999,,5.9278564,5.8619385
1984-03-01,12.319091,12.61682,12.021364,.19499961,.030464999,0,0,-.0012903,9.9099998,,10.16482,10.59,11.31,463.37579,397.8902,1.070001,,5.557251,3.5039063
1984-04-01,12.6335,12.8955,12.3715,.37500089,.147306,0,0,-.0087096998,10.29,,10.62408,10.9,11.69,463.7637,398.50562,1.02,,7.3850098,4.6549072
1984-05-01,13.408636,13.64455,13.172727,.70499992,-.28567901,.0087096998,.0116129,.0087096998,10.32,,11.1518,11.66,12.47,463.95721,398.99979,.52999967,,5.9300537,2.3221436
1984-06-01,13.562857,13.64905,13.476667,.99499983,-.0060049999,.0212903,.0283871,.0212903,11.06,,11.49875,12.08,12.91,464.15021,399.35391,.85999972,,4.2495117,2.315918
1984-07-01,13.362381,13.45,13.274762,.95499992,-.120269,.0090322997,.0045161,0,11.23,,11.76699,12.03,12.88,464.53519,399.68399,1.3099999,,3.9609375,4.619751
1984-08-01,12.716087,12.74739,12.684783,.59500021,.221358,.0045161,.0022581001,0,11.64,,11.79399,11.82,12.43,464.823,399.76019,1.75,,.91442871,3.4537354
1984-09-01,12.522632,12.51316,12.532105,.55500019,-.017890999,-.0135484,-.0067742001,0,11.3,,11.74875,11.58,12.2,465.10989,399.60071,1.83,,-1.9138184,3.442749
1984-10-01,12.160455,12.26,12.060909,.26500031,-.23375501,.0093548,0,.0093548,9.9899998,,10.83407,10.9,11.6,465.49121,399.4657,1.97,,-1.6201172,4.5758057
1984-11-01,11.572632,11.82,11.325263,.30500019,-.067831002,.031311799,.0153333,.0159785,9.4300003,,10.10791,9.8199997,10.65,465.6813,399.8443,2.0700009,,4.5432129,2.2811279
1984-12-01,11.4995,11.9295,11.0695,.2649993,.001616,-.25131181,-.23468819,-.21404301,8.3800001,,9.2277765,9.3299999,10.18,465.87109,399.94861,1.6799999,,1.251709,2.2774658
1985-01-01,11.384286,11.83619,10.932381,.1549997,-.074955001,-.45935479,-.42064509,-.38129029,8.3500004,,8.9389248,9.0200005,9.9300003,466.06049,399.70639,1.7,,-2.9066162,2.2727051
1985-02-01,11.508889,11.88667,11.131111,.1549997,-.095077999,-.0128571,-.0128571,-.0128571,8.5,,9.0082455,9.29,10.17,466.6265,400.13199,1.41,,5.1071777,6.7921143
1985-03-01,11.855238,12.19,11.520476,.2649993,.138643,.0012442,-.00036870001,-.0068203001,8.5799999,,9.1972513,9.8599997,10.71,467.09579,400.2525,1.3099999,,1.446167,5.6315918
1985-04-01,11.434762,11.86286,11.006667,.30500019,-.029021,-.0213871,-.0297742,-.045989301,8.2700005,,8.7319021,9.1400003,10.09,467.2829,400.01031,1.77,,-2.90625,2.2452393
1985-05-01,10.846818,11.35773,10.335909,.2350001,-.19403701,-.17667741,-.19119351,-.1846559,7.9699998,,8.3042269,8.46,9.3900003,467.4696,400.1366,2.059999,,1.5153809,2.2404785
1985-06-01,10.156,10.713,9.599,.28500029,.212439,-.1703226,-.1858065,-.19967739,7.5300002,,7.9045329,7.8000002,8.6899996,467.74911,400.2067,2.0599999,,.84118652,3.354126
1985-07-01,10.306818,10.91364,9.6999998,.36500019,.134211,0,0,0,7.8800001,,7.9716568,7.8600001,8.7700005,467.935,399.51141,1.719999,,-8.3433838,2.2305908
1985-08-01,10.331818,10.85409,9.8095455,.46500009,.14692099,.0193548,-.044193499,-.0041935001,7.9000001,,7.969779,8.0500002,8.9399996,468.12051,399.9523,1.86,,5.2906494,2.2261963
1985-09-01,10.373158,10.93632,9.8100004,.61500019,.25098401,-.0026882,.0075269002,-.00080649997,7.9200001,,7.9582219,8.0699997,8.9799995,468.30569,400.375,1.8200001,,5.0723877,2.222168
1985-10-01,10.236818,10.785,9.6886368,.52500051,.294745,-.0063441,.0066666999,.0146774,7.9899998,,8.0238132,8.0100002,8.8599997,468.67499,399.97339,1.900001,,-4.8193359,4.4315186
1985-11-01,9.781579,10.2879,9.2752628,.41500041,.29036,.0080107003,.0083333002,.00032260001,8.0500002,,7.8703189,7.8800001,8.5799999,469.1348,400.3154,2,,4.104126,5.5177002
1985-12-01,9.2590475,9.7895241,8.7285709,.53500032,.032191999,-.0028494999,.0016667,0,8.2700005,,7.7609062,7.6700001,8.1499996,469.5925,401.33951,2,,12.289307,5.4924316
1986-01-01,9.1938095,9.7042856,8.6833334,.52499998,.33818701,-.0054839002,0,0,8.1400003,,7.8671818,7.73,8.1400003,469.95709,401.8288,1.690001,,5.87146,4.3751221
1986-02-01,8.7042103,9.0726318,8.3357897,.45500031,-.28549001,.0057143001,.0057143001,-.0057143001,7.8600001,,7.877512,7.6100001,7.9699998,469.7749,401.0961,2.01,,-8.7923584,-2.1862793
1986-03-01,7.7785001,8.0970001,7.46,.52499998,.58569002,.020414701,.020414701,.036036901,7.48,,7.3871861,7.0300002,7.21,469.2265,400.46481,2.3,,-7.5754395,-6.5808105
1986-04-01,7.2990909,7.5445461,7.0536366,.4250001,.54437,-.0024623,.0212043,.0270107,6.9899998,,7.020638,6.4400001,6.6999998,468.85919,400.53329,2.6399989,,.82177734,-4.4077148
1986-05-01,7.7095237,7.8942862,7.5247617,.35499999,.030158,.0092366003,.0226667,.026215,6.8499999,,6.960495,6.6500001,7.0700002,469.1348,400.70801,2.4300001,,2.0965576,3.307251
1986-06-01,7.7995238,7.9614291,7.637619,.3850002,.022067999,-.0215699,-.0086666998,-.0108817,6.9200001,,6.8845239,6.73,7.1799998,469.5011,400.38599,2.8800001,,-3.8642578,4.3956299
1986-07-01,7.3031816,7.5436358,7.0627275,.3850002,.77326399,.019957,.019957,.0115269,6.5599999,,6.5173111,6.27,6.6700001,469.5925,401.02939,3.21,,7.7208252,1.0968018
1986-08-01,7.1657143,7.529047,6.802381,.27500001,.70852,-.0067742001,-.0067742001,-.0135484,6.1700001,,6.1283808,5.9299998,6.3299999,469.68369,400.81369,3.03,,-2.5883789,1.0942383
1986-09-01,7.447619,7.976191,6.9190478,.35499999,.31400499,-.039182801,-.041516099,-.042978499,5.8899999,,6.0583839,5.77,6.3499999,470.048,400.98721,2.5599999,,2.0822754,4.3718262
1986-10-01,7.4263635,8.0204544,6.8322725,.3850002,.54546303,-.0153333,-.023,-.0076665999,5.8499999,,5.9586821,5.7199998,6.2800002,470.22971,401.44571,2.54,,5.5019531,2.1804199
1986-11-01,7.2505555,7.7461109,6.7550001,.29500049,.66925502,0,0,0,6.04,,5.8036742,5.8000002,6.2800002,470.41101,401.9075,2.45,,5.5415039,2.1756592
1986-12-01,7.1127272,7.5563641,6.6690907,.45499989,.69904101,0,-.0048386999,0,6.9099998,,5.8853259,5.8699999,6.27,470.77271,402.77859,2.2,,10.453125,4.340332
1987-01-01,7.0844998,7.5339999,6.6350002,.29500049,.55411601,.0054839002,-.0051612998,-.0054839002,6.4299998,,5.967,5.7800002,6.23,471.31271,402.45432,2.1199999,,-3.8913574,6.4801025
1987-02-01,7.2505264,7.7089472,6.7921052,.34500021,.63077903,-.0015553,0,.0015553,6.0999999,,6.1310749,5.96,6.4000001,471.6712,403.73859,1.83,,15.411255,4.3018799
1987-03-01,7.2486362,7.7040911,6.7931819,.45499989,.51899201,-.0039285002,0,.0039285002,6.1300001,,6.2292042,6.0300002,6.4200001,472.02829,403.89529,1.79,,1.8804932,4.2850342
1987-04-01,8.0228567,8.4714289,7.5742855,.69500011,-.384307,.017666699,.017333301,-.0023333,6.3699999,,6.391521,6.5,7.02,472.4729,404.49341,1.809999,,7.1773682,5.3353271
1987-05-01,8.6129999,8.9665003,8.2594995,1.155,.259175,-.063795798,-.073462397,-.083150402,6.8499999,,6.78332,7,7.7600002,472.7388,405.17499,1.990001,,8.1789551,3.1907959
1987-06-01,8.4022722,8.7881823,8.0163631,1.135,.244076,.0061289999,.0061289999,-.024516201,6.73,,6.8920002,6.8000002,7.5700002,473.1803,405.69901,2.1400001,,6.288208,5.2979736
1987-07-01,8.4468184,8.8854542,8.0081816,.84500021,.48499501,-.023225799,-.0154839,.0077419002,6.5799999,,6.9315281,6.6799998,7.4400001,473.44421,406.33801,1.83,,7.6680908,3.1669922
1987-08-01,8.7604761,9.1980953,8.3228569,.55500019,.469987,-.0067742001,.020645101,.027419301,6.73,,6.8998561,7.0300002,7.75,473.88269,407.05859,1.5700001,,8.6469727,5.2617188
1987-09-01,9.4219046,9.9009523,8.9428568,.85500002,.492706,.1593333,.1788388,.1418388,7.2199998,,7.2778411,7.6700001,8.3400002,474.23199,407.32401,1.47,,3.1849365,4.1916504
1987-10-01,9.5200005,9.96,9.0799999,1.645,-.843692,.0384086,.1127741,.13170969,7.29,,7.060545,7.5900002,8.3999996,474.49319,408.82932,1.74,,18.063721,3.1343994
1987-11-01,8.8605261,9.3736839,8.3473682,1.365,.264651,-.0067419,.1272258,.1842903,6.6900001,,6.7470288,6.96,7.6900001,474.84039,409.3584,1.79,,6.348999,4.1663818
1987-12-01,8.9877272,9.5240908,8.4513636,1.725,.0067150001,.0038387,-.0043226001,.0160322,6.77,,6.8745828,7.1700001,7.8600001,475.01361,409.82349,1.66,,5.5810547,2.0786133
1988-01-01,8.6657896,9.1536846,8.1778946,.94500011,-.181428,.0025807,.0090322001,.030967699,6.8299999,,6.862772,6.9899998,7.6300001,475.35901,409.86691,1.76,,.52111816,4.1447754
1988-02-01,8.2119999,8.7115002,7.7125001,.80500019,.228407,-.0174194,-.0087096998,-.0065517002,6.5799999,,6.765491,6.6399999,7.1799998,475.53131,410.27161,1.6799999,,4.8563232,2.067627
1988-03-01,8.3734779,8.913043,7.8339128,.80500019,-.048409998,-.00064520002,.00064520002,-.0028031,6.5799999,,6.8729439,6.71,7.27,475.78909,410.508,1.5599999,,2.8366699,3.0933838
1988-04-01,8.7185001,9.243,8.1940002,.83500051,.001875,-.0093548,.0093548,.0093548,6.8699999,,7.1772962,7.0100002,7.5900002,476.38821,411.03799,1.48,,6.3599854,7.1894531
1988-05-01,9.0890474,9.5957146,8.5823812,.815,.049412999,.0254838,.031290401,.023871001,7.0900002,,7.3896499,7.4000001,8,476.6438,410.95169,1.37,,-1.0356445,3.0670166
1988-06-01,8.9213638,9.3559093,8.4868183,.9149999,.093572997,.047516201,.037709702,.026129,7.5100002,,7.676856,7.4899998,8.0299997,477.06851,411.1965,1.54,,2.9377441,5.0965576
1988-07-01,9.0559998,9.4569998,8.6549997,.97500032,-.230565,.019580601,.053580601,.0183871,7.75,,7.932704,7.75,8.2799997,477.4913,411.3269,1.37,,1.5648193,5.0734863
1988-08-01,9.2604351,9.5843477,8.9365215,1.085001,-.014694,.1087097,.1209677,.1151613,8.0100002,,8.2741823,8.1700001,8.6300001,477.91241,411.74701,1.34,,5.0412598,5.0533447
1988-09-01,8.9771433,9.2614288,8.6928568,.81500047,.146262,.0353764,.043118302,.043118302,8.1899996,,8.3125,8.0900002,8.46,478.3316,411.40329,1.5,,-4.1246338,5.0302734
1988-10-01,8.7954998,9.0784998,8.5124998,.77499998,.236986,-.0066666999,-.0066666999,-.0066666999,8.3000002,,8.2692518,8.1099997,8.3500004,478.6658,411.92569,1.5,,6.2687988,4.010376
1988-11-01,8.9624996,9.1385002,8.7865,.78499979,.101988,-.0096666999,.0196667,.0126666,8.3500004,,8.3238983,8.4799995,8.6700001,478.9989,412.09781,1.3099999,.042318702,2.0654297,3.9971924
1988-12-01,9.1057138,9.1185713,9.0928574,.92500007,.23073,.038053799,.0322688,.023785001,8.7600002,,8.7396364,8.9899998,9.0900002,479.33081,412.53229,1.5,.037943602,5.2137451,3.9829102
1989-01-01,9.0915003,9.0345001,9.1485004,.65499967,.138146,.0141935,.018064501,.0135484,9.1199999,,8.8393335,9.0500002,9.1800003,479.7442,412.79001,1.639999,-.0120248,3.0926514,4.9606934
1989-02-01,9.1689472,9.0673695,9.2705259,.72500032,-.0040899999,.0027765001,.0071427999,.0267857,9.3599997,,8.9909143,9.25,9.3699999,480.0737,412.37219,1.48,.0326369,-5.0137939,3.9539795
1989-03-01,9.3577271,9.2013636,9.5140905,1.015,.280599,.043675099,.060921699,.061278801,9.8500004,,9.5836802,9.5699997,9.6800003,480.56589,412.65359,1.67,.1175115,3.3768311,5.90625
1989-04-01,9.1754999,9.0559998,9.2950001,1.045001,.50670999,-.0090322001,-.018064501,-.018064501,9.8400002,,9.4341402,9.3599997,9.4499998,481.29971,412.69312,1.87,-.063225798,.47424316,8.8059082
1989-05-01,8.8590908,8.8086367,8.9095459,.92500007,.227865,-.0048386999,0,-.0048386999,9.8100004,,9.1607409,8.9799995,9.0200005,481.78589,412.02301,1.910001,-.0107129,-8.0412598,5.8341064
1989-06-01,8.2772722,8.2622728,8.2922726,.84500021,.408043,-.055161301,-.050000001,-.038494602,9.5299997,,8.6539774,8.4399996,8.4099998,482.1088,412.08481,1.92,-.0218438,.74157715,3.8748779
1989-07-01,8.0185003,8.2104998,7.8264999,.68500042,.64117402,-.036129098,-.038064498,-.048924699,9.2399998,,8.4462414,7.8899999,7.8200002,482.4306,411.1171,1.86,-.024849501,-11.612549,3.8616943
1989-08-01,8.1126089,8.1356525,8.0895653,.55499983,.352247,-.019677401,-.024838701,-.020645101,8.9899998,,8.3294744,8.1800003,8.1400003,482.4306,411.97961,1.88,-.0130639,10.35022,0
1989-09-01,8.1905003,8.2065001,8.1745005,.83499998,.37395099,-.0141935,-.0070968,-.0070968,9.0200005,,8.3377037,8.2200003,8.2799997,482.6712,411.72391,1.940001,0,-3.0684814,2.887207
1989-10-01,8.0076189,8.0490475,7.9661903,.77499998,.27453399,.0129032,.0090322997,.0064516002,8.8400002,,8.2351723,7.9899998,7.98,483.15091,411.616,1.9400001,-.0755613,-1.2949219,5.7564697
1989-11-01,7.8742857,7.9376192,7.8109522,.54500049,.46382201,-.0455699,-.041698899,-.0211183,8.5500002,,8.0105972,7.77,7.8000002,483.5488,411.918,1.900001,-.1908154,3.6240234,4.7746582
1989-12-01,7.836,7.9254999,7.7465,.54500002,.40633401,-.018946201,-.0150753,-.0130753,8.4499998,,7.9038882,7.7199998,7.7800002,483.866,412.5047,1.9,-.095657498,7.0404053,3.8063965
1990-01-01,8.2066669,8.2938099,8.119524,.34500071,.121781,-.0183871,-.0122581,-.0122581,8.2299995,0,7.885314,7.9200001,8.0900002,484.81161,411.89691,1.6900001,-.1036358,-7.293457,11.347412
1990-02-01,8.4731579,8.5215788,8.424737,.28500071,.241804,.015,.0074999998,.0074999998,8.2399998,-.015,7.976337,8.1099997,8.3699999,485.203,412.8269,1.73,-.0105,11.159912,4.6966553
1990-03-01,8.5886364,8.5768185,8.6004543,.26499981,.34957299,.0024194,-.000080600003,-.001371,8.2799997,-.0075806002,8.0524607,8.3500004,8.6300001,485.67068,413.36292,1.6799999,-.0035000001,6.4321289,5.6121826
1990-04-01,8.7854996,8.8030005,8.7679996,.41500041,-.029281,-.017419299,-.0174194,-.026129,8.2600002,-.0174194,8.1290684,8.3999996,8.7200003,485.90369,413.23141,1.58,0,-1.5780029,2.7960205
1990-05-01,8.7581816,8.7804546,8.7359095,.3950004,-.071916997,-.0103226,-.0103226,-.0103226,8.1800003,0,8.1039581,8.3199997,8.6400003,486.05869,413.42429,1.719999,0,2.3144531,1.8599854
1990-06-01,8.4799995,8.5295238,8.4304762,.29500049,.035863999,-.0096773999,-.0096773999,-.0096773999,8.29,0,7.9346628,8.1000004,8.3500004,486.67651,413.74469,1.6799999,0,3.8448486,7.4139404
1990-07-01,8.4714289,8.6119051,8.3309526,.25500011,.0065279999,-.0158065,-.0096773999,-.0183871,8.1499996,-.066451602,7.8236132,7.9400001,8.1599998,487.1373,413.59949,1.5700001,-.084439702,-1.7424316,5.5294189
1990-08-01,8.7526083,9.068696,8.4365215,.3150005,-.26967299,-.0141935,-.0103226,-.0116129,8.1300001,-.0335484,7.505022,7.7800002,8.0600004,487.97672,413.8833,1.35,-.053330299,3.4057617,10.072998
1990-09-01,8.893158,9.2726316,8.5136843,.4850001,-.051052,0,0,0,8.1999998,0,7.4369411,7.7600002,8.0799999,488.65829,414.08221,1.29,0,2.3869629,8.1789551
1990-10-01,8.7195454,9.1113634,8.3277273,.69500011,.099413,-.0167742,0,-.0103226,8.1099997,-.011281,7.3752532,7.5500002,7.8800001,489.33521,413.3222,1.46,.0074526002,-9.1201172,8.1229248
1990-11-01,8.3920002,8.7614994,8.0225,.73500007,.258542,.022440899,0,-.0040107002,7.8099999,-.0130424,7.1729531,7.3099999,7.5999999,489.55981,412.10239,1.62,-.0157576,-14.637817,2.6953125
1990-12-01,8.0749998,8.4235001,7.7265,.94500059,.192606,-.065989301,-.0522581,-.010828,7.3099999,-.095666699,6.6203132,7.0500002,7.3099999,489.93311,411.40359,1.59,-.1617195,-8.385498,4.4794922
1991-01-01,8.0928574,8.485714,7.6999998,.76500028,.22076,-.1780645,-.12516131,-.0722581,6.9099998,-.1674193,6.3717389,6.6399999,7.1300001,490.30499,410.96271,1.55,-.23954131,-5.2906494,4.4626465
1991-02-01,7.8547368,8.2368422,7.4726315,.43499991,.139982,-.089469999,-.0904378,-.060437702,6.25,-.2304378,6.1983409,6.27,6.8699999,490.37921,410.319,1.52,-.1030241,-7.7244873,.890625
1991-03-01,8.1099997,8.448,7.7719998,.3850002,.095123999,-.065691203,-.044078398,-.0476267,6.1199999,-.0363364,6.0493259,6.4000001,7.0999999,490.37921,409.79779,1.39,-.024090299,-6.2545166,0
1991-04-01,8.0390911,8.3772726,7.7009091,.30500019,.092675999,-.033451598,-.0343978,-.0895162,5.9099998,-.0321398,6.0063949,6.2399998,6.9499998,490.6015,409.9621,1.45,-.0288599,1.9716797,2.6674805
1991-05-01,8.0677271,8.4340906,7.7013636,.34500021,.106881,-.2030001,-.1781828,-.1340322,5.7800002,-.19463439,5.8792748,6.1300001,6.7800002,490.97089,410.96271,1.400001,-.1633722,12.007324,4.4326172
1991-06-01,8.2840004,8.6309996,7.9369998,.4250001,.033201002,0,.0045161,.0090322001,5.9000001,-.0090322001,5.9239678,6.3600001,6.96,491.2655,411.9382,1.34,.0087521998,11.705933,3.5354004
1991-07-01,8.272727,8.6340904,7.9113636,.35500041,.115509,.017419299,.017419299,.0087096998,5.8200002,.0087096998,5.9674568,6.3099999,6.9200001,491.41241,411.91199,1.309999,0,-.3145752,1.7629395
1991-08-01,7.9000001,8.375,7.4250002,.27500001,.074946001,-.0993549,-.079032302,-.0670968,5.6599998,-.080322601,5.691246,5.7800002,6.4299998,491.70569,412.06119,1.34,-.112,1.7904053,3.5192871
1991-09-01,7.6500001,8.1640015,7.1360002,.2350006,.088652,-.0080645001,.013613,-.0016129001,5.4499998,.0016129001,5.3177962,5.5700002,6.1799998,491.99811,412.92899,1.36,.0182359,10.413574,3.5090332
1991-10-01,7.5272727,8.1831818,6.8713636,.2450003,.086014003,-.0109677,.0176774,.0096773999,5.21,-.0025806001,5.2515578,5.3299999,5.9099998,492.14401,412.71011,1.329999,-.033457302,-2.6264648,1.7508545
1991-11-01,7.4173684,8.2168417,6.6178946,.30500019,.095895998,-.094032302,-.074677497,-.0746774,4.8099999,-.1374193,4.8583608,4.8899999,5.5599999,492.58041,412.60211,1.29,-.111752,-1.2960205,5.2368164
1991-12-01,7.0885715,7.990952,6.1861906,.4250001,.02729,-.1227419,-.1143548,-.064032197,4.4299998,-.1206452,4.1963968,4.3800001,5.0300002,492.87021,412.23679,1.41,-.1369421,-4.3839111,3.4775391
1992-01-01,7.0323811,7.8219051,6.242857,.1550004,-.038977001,-.172258,-.1706451,-.1009678,4.0300002,-.1493548,4.0609598,4.1500001,4.96,492.9425,411.6077,1.4,-.1983844,-7.5490723,.86755371
1992-02-01,7.3378949,8.0978947,6.5778947,.1550004,-.013052,-.0082759,.0082759,-.0082759,4.0599999,0,4.172689,4.29,5.21,493.15921,412.38531,1.42,.0104358,9.3314209,2.6004639
1992-03-01,7.5422726,8.1390905,6.9454546,.1450004,-.03771,-.0017241,.0017241,-.0017241,3.98,0,4.2711482,4.6300001,5.6900001,493.51929,413.1774,1.4,.0021740999,9.5050049,4.3209229
1992-04-01,7.4804764,8.1766672,6.7842855,.1750001,-.01459,-.1833334,-.1586667,-.1733333,3.73,-.1493334,4.117424,4.3000002,5.3400002,493.73471,413.88809,1.37,-.146796,8.5283203,2.585083
1992-05-01,7.3920002,8.0915003,6.6925001,.1350002,-.096207,-.058924701,-.057462301,-.062795803,3.8199999,-.046799701,4.143621,4.1900001,5.23,493.94971,414.24329,1.28,-.057143901,4.2623291,2.5799561
1992-06-01,7.2618184,8.0409088,6.4827275,.1450002,-.148848,.0122581,.0061289999,.0061289999,3.76,.0061229002,4.1421881,4.1700001,5.0500002,494.23569,414.2374,1.25,0,-.070678711,3.4317627
1992-07-01,6.8445454,7.852273,5.8368182,.1150002,-.23342501,0,.0387096,.0387096,3.25,-.29032251,3.566844,3.5999999,4.3600001,494.52081,415.09851,1.29,-.082761303,10.333374,3.4215088
1992-08-01,6.5857143,7.5752382,5.5961905,.1350002,-.063198,.0041935001,-.0029032,.0054839002,3.3,-.0054839002,3.562861,3.47,4.1900001,494.73401,414.59671,1.39,.0080730999,-6.0216064,2.5583496
1992-09-01,6.4152379,7.4504762,5.3800001,.21500009,.010572,-.0031936001,-.0148064,-.0121936,3.22,.0148064,3.2110391,3.1800001,3.8900001,494.9469,414.81189,1.5,.0149982,2.5821533,2.5546875
1992-10-01,6.5890474,7.5776191,5.6004763,.3550002,.00071400002,.0070646,-.001,-.0020000001,3.0999999,.0090645999,3.293936,3.3,4.0799999,495.37119,415.59161,1.5,0,9.3566895,5.0914307
1992-11-01,6.873158,7.7084212,6.0378947,.41500011,.050682001,.0019355,.0043334002,.0043334002,3.0899999,.0019355,3.3696389,3.6800001,4.5799999,495.65311,416.00839,1.440001,-.0216625,5.0013428,3.3830566
1992-12-01,6.77,7.4640908,6.0759091,.33500019,.082521997,-.0029032,.0027634001,-.0059463,2.9200001,-.0029032,3.4005101,3.71,4.6700001,495.79379,416.0321,1.45,-.017083401,.2845459,1.6882324
1993-01-01,6.5999999,7.3663158,5.833684,.1350002,.03413,-.0070968,-.0070968,-.0283871,3.02,-.0070968,3.398881,3.5,4.3899999,496.1445,416.52499,1.420001,.027485801,5.9146729,4.2084961
1993-02-01,6.2589474,7.0889468,5.4289474,.1350002,-.011742,0,.0089285001,0,3.03,-.017857101,3.285161,3.3900001,4.0999999,496.3544,416.89221,1.42,0,4.4066162,2.5187988
1993-03-01,5.9752173,6.755652,5.1947827,.1050002,.00053199998,0,.0010715,.0103226,3.0699999,-.0021428999,3.25525,3.3299999,3.95,496.49399,416.85461,1.52,0,-.45117188,1.6750488
1993-04-01,5.9695239,6.80619,5.1328573,.1550004,.0050229998,0,0,.0296774,2.96,0,3.2809091,3.24,3.8399999,496.84229,417.15521,1.5,0,3.6071777,4.1795654
1993-05-01,6.0355,6.8730001,5.198,.065000199,-.010239,-.0083871,-.0083871,-.0125806,3,-.0083871,3.3553331,3.3599999,3.98,497.12009,416.8035,1.4299999,-.0108318,-4.2205811,3.3336182
1993-06-01,5.9627271,6.7086358,5.2168183,.065000199,-.092368998,-.0116129,-.0116129,-.017419299,3.04,-.0116129,3.3695829,3.54,4.1599998,497.18951,417.0112,1.46,-.0149982,2.4924316,.83312988
1993-07-01,5.8052382,6.5195241,5.0909524,.0450003,-.098521002,-.0077419002,0,0,3.0599999,0,3.3924439,3.47,4.0700002,497.32791,417.3179,1.4,.020872099,3.6804199,1.6607666
1993-08-01,5.6777272,6.3304539,5.0250001,.0450003,-.126471,.0067742001,0,.0090322001,3.03,.0045161,3.2991021,3.4400001,4,497.53531,417.2778,1.4299999,.0060878,-.48120117,2.4887695
1993-09-01,5.3600001,5.9852381,4.7347617,.0950002,-.038513999,.0109677,-.003,.0049677002,3.0899999,.0084838998,3.2175529,3.3599999,3.8499999,497.6734,417.7493,1.5599999,0,5.657959,1.6571045
1993-10-01,5.3340001,5.961,4.7069998,.12500019,-.111725,0,-.0070000002,-.0139999,2.99,.0070000002,3.219667,3.3900001,3.8699999,498.0863,418.48279,1.5,0,8.8018799,4.954834
1993-11-01,5.724,6.3850002,5.0630002,.1850004,-.169558,0,0,0,3.02,0,3.2780001,3.5799999,4.1599998,498.36069,418.88669,1.4400001,.0107708,4.8468018,3.2926025
1993-12-01,5.7740908,6.4013638,5.1468182,.18500011,-.200074,0,0,-.025806401,2.96,-.0032258001,3.3015001,3.6099999,4.21,498.56589,419.3894,1.4,.0123093,6.0325928,2.4624023
1994-01-01,5.7505002,6.414,5.0869999,.0950002,-.26945499,0,0,-.054193601,3.05,-.0067742001,3.3271439,3.54,4.1399999,498.56589,419.79059,1.3099999,0,4.814209,0
1994-02-01,5.9731579,6.551053,5.3952632,.12500019,-.459178,.13392849,.125,.1428571,3.25,0,3.5818901,3.8699999,4.4699998,498.83899,419.8418,1.1799999,.1458303,.61450195,3.2772217
1994-03-01,6.4826088,7.0239129,5.9413042,.2350001,-.350492,-.000057500001,-.001129,.0010139,3.3399999,0,3.836704,4.3200002,5,499.1113,420.86441,1.2,.0174965,12.271362,3.2677002
1994-04-01,6.9721055,7.4200001,6.5242105,.25500029,-.320025,.0007956,.0051290998,.0051290998,3.5599999,.052000001,4.2036662,4.8200002,5.5500002,499.1792,421.39441,1.35,.064997599,6.3599854,.81481934
1994-05-01,7.1833334,7.5866671,6.7800002,.3150005,-.31952199,.0114625,.017129101,.017129101,4.0100002,.092193499,4.4873972,5.3099999,5.9699998,499.38281,421.94199,1.420001,.1385798,6.5709229,2.4433594
1994-06-01,7.1013637,7.5072732,6.6954546,.3150005,-.36392,-.036129002,-.036129098,-.036129098,4.25,.025806401,4.6618481,5.27,5.9299998,499.65359,422.60449,1.3,.0571458,7.9500732,3.2493896
1994-07-01,7.2979999,7.6865001,6.9095001,.30500019,-.323668,0,.0083871,.0083871,4.2600002,0,4.821352,5.48,6.1300001,499.99109,422.7623,1.309999,-.0416,1.8936768,4.0499268
1994-08-01,7.2360868,7.594348,6.8778262,.2450003,-.296783,.0154839,.0067742001,.0016129001,4.4699998,0,5.0591631,5.5599999,6.1799998,500.39459,423.3295,1.27,.055994902,6.8063965,4.842041
1994-09-01,7.4571428,7.8309522,7.0833335,.28500029,-.42853999,.0118494,.0035053,0,4.73,-.0039999001,5.3421969,5.7600002,6.3899999,500.59579,423.64679,1.1799999,.047995199,3.8074951,2.4144287
1994-10-01,7.744,8.085,7.4029999,.44500059,-.32665899,-.017333301,-.0086666001,0,4.7600002,-.026000001,5.6245308,6.1100001,6.73,500.66269,424.51599,1.190001,-.078000098,10.43042,.80273438
1994-11-01,7.9549999,8.1925001,7.7175002,.40500021,-.30399001,.021333201,.016000001,.016000001,5.29,.0426667,5.9928808,6.54,7.1500001,500.93011,425.1532,1.21,.064000003,7.6464844,3.2091064
1994-12-01,7.8138094,7.851429,7.7761903,.54500049,-.25307399,.022537701,.017870899,.021741999,5.4499998,.0179784,6.429081,7.1399999,7.5900002,501.13019,426.19159,1.39,-.0312749,12.460693,2.4008789
1995-01-01,7.7795,7.803,7.756,.39499989,-.273132,.0061289999,.0061289999,.0122581,5.5300002,-.0306451,6.4670949,7.0500002,7.5100002,501.3963,426.38641,1.3699991,-.1381851,2.3378906,3.1933594
1995-02-01,7.4694738,7.5731578,7.3657894,.26500031,-.327196,.050000001,.060000099,.059999902,5.9200001,0,6.3779159,6.6999998,7.1100001,501.66171,426.32281,1.36,.062229998,-.76318359,3.1849365
1995-03-01,7.2047825,7.362174,7.0473914,.30500019,-.32960701,.0025806001,.0025806001,.0025806001,5.98,.0025806001,6.3486872,6.4299998,6.7800002,501.86041,426.48239,1.26,-.0012903,1.914917,2.3843994
1995-04-01,7.0626316,7.2652631,6.8600001,.35499999,-.25970101,.017419299,.017419299,.017419299,6.0500002,.017419299,6.2396111,6.27,6.5700002,502.25641,426.43951,1.26,-.0087096998,-.51452637,4.7519531
1995-05-01,6.6327271,6.8509092,6.4145455,.27500001,-.40186301,-.0029032,-.0029032,0,6.0100002,0,6.109767,6,6.1700001,502.4538,426.7027,1.33,2.8600000e-06,3.1582031,2.3686523
1995-06-01,6.1681819,6.4077268,5.9286366,.35500041,-.18721101,-.0070968,-.0070968,0,6,0,5.5656252,5.6399999,5.7199998,502.65079,427.0672,1.4,7.1499999e-06,4.3740234,2.3638916
1995-07-01,6.2779999,6.5475001,6.0085001,.25500011,-.34660301,-.22645161,-.2180645,-.2096775,5.8499999,-.1258065,5.5007482,5.5900002,5.7800002,502.78201,426.68149,1.33,-.093599997,-4.62854,1.574707
1995-08-01,6.4882607,6.7326088,6.2439132,.30500019,-.248873,-.024193499,-.022580599,-.024193499,5.7399998,-.024193499,5.4869452,5.75,5.98,502.97839,427.9903,1.37,-.0068935002,15.705688,2.3565674
1995-09-01,6.1975002,6.3934999,6.0015001,.3449997,-.207413,.050645102,.053978398,.042204399,5.8000002,.0049999999,5.5382652,5.6199999,5.8099999,503.1091,428.35889,1.4400001,.0283252,4.4230957,1.5684814
1995-10-01,6.0447621,6.226666,5.8628569,.4250001,-.17884199,.050000001,.0666667,.041666601,5.7600002,.025,5.454834,5.5900002,5.6999998,503.37009,428.18109,1.4400001,.0250083,-2.1335449,3.1318359
1995-11-01,5.9304762,6.166667,5.6942859,.26499981,-.095936,.016000001,.0106666,.016000001,5.8000002,0,5.3720002,5.4299998,5.48,503.50031,428.43961,1.45,.021328099,3.1021729,1.5626221
1995-12-01,5.7115002,5.9095001,5.5135002,.3850002,-.087709002,.0014195,-.0032472999,-.0027741999,5.5999999,-.0209677,5.17449,5.3099999,5.3200002,503.63031,428.82581,1.49,-.0192519,4.6343994,1.5600586
1996-01-01,5.6523809,5.9423809,5.362381,.28500029,-.116741,-.0180647,-.0183871,-.0245161,5.5599999,-.0296774,5.0684581,5.0900002,5.1100001,504.1488,428.1644,1.38,-.0534642,-7.9368896,6.2219238
1996-02-01,5.8055,6.2315001,5.3794999,.2050003,-.330019,-.0193548,-.029032201,-.0387096,5.2199998,-.0193548,4.919714,4.9400001,5.0300002,504.3425,429.74701,1.27,-.029041899,18.991333,2.3243408
1996-03-01,6.2685714,6.5709519,5.9661903,.2350001,-.34044299,.0019355,.0038709999,.0019355,5.3099999,.0019336001,5.0285978,5.3400002,5.6599998,504.66461,429.59161,1.35,.0019355,-1.8647461,3.8653564
1996-04-01,6.5113635,6.721818,6.300909,.3250002,-.29427299,.0080645001,.016129,.0080645001,5.2199998,.0080564003,5.1649442,5.54,5.96,505.04971,430.4256,1.42,.0080645001,10.007813,4.6212158
1996-05-01,6.7368183,6.9904552,6.483182,.25500011,-.327362,.0070968,.0035484,.0070968,5.2399998,0,5.2201529,5.6399999,6.0999999,505.2417,431.11981,1.33,-3.5800001e-06,8.3305664,2.303833
1996-06-01,6.9120002,7.1345,6.6894999,.28499979,-.30397701,.0129032,.0064516002,.0129032,5.27,0,5.412755,5.8099999,6.3000002,505.43329,432.00531,1.41,-6.4400001e-06,10.625977,2.2990723
1996-07-01,6.8654547,7.0949998,6.6359091,.26500031,-.373247,-.018709701,-.0093548,-.0093548,5.4000001,-.028064501,5.521122,5.8499999,6.27,505.6246,431.87299,1.38,-.067326799,-1.5878906,2.2957764
1996-08-01,6.6354547,6.8818178,6.389091,.25500011,-.43653399,-.0012903,.0070968,.0032258001,5.2199998,-.0019355,5.4418712,5.6700001,6.0300002,505.75189,432.52191,1.36,-.0155555,7.7871094,1.5274658
1996-09-01,6.8319998,7.0669999,6.5970001,.315,-.42442501,-.020999899,-.0040752999,-.0125376,5.3000002,-.030333299,5.4747128,5.8299999,6.23,506.06949,433.05161,1.4,-.0452777,6.3563232,3.8111572
1996-10-01,6.5336366,6.7968178,6.2704544,.3250002,-.38140601,-.068999998,-.053666599,-.061333399,5.2399998,-.0996667,5.3955698,5.5500002,5.9099998,506.38599,433.05579,1.39,-.092000097,.050170898,3.7979736
1996-11-01,6.2036843,6.4342108,5.9731579,.26499981,-.34966201,-.0060000001,-.0120001,-.017999999,5.3099999,-.0060000001,5.2861428,5.4200001,5.6999998,506.7016,433.87421,1.42,-.0105898,9.8210449,3.7873535
1996-12-01,6.302381,6.5366669,6.0680952,.48500061,-.44294301,-.0039999001,-.0080000004,-.0168387,5.29,-.0088387001,5.2908158,5.4699998,5.7800002,506.95331,434.5137,1.3,-.0017035,7.6739502,3.0205078
1997-01-01,6.5790477,6.8247619,6.3333335,.3049998,-.35026199,0,0,-.0051612998,5.25,-.0051612998,5.3337178,5.6100001,6.0100002,507.14169,434.62701,1.24,.0057135001,1.3597412,2.2606201
1997-02-01,6.4194736,6.6399999,6.1989474,.28499991,-.48587099,.0085714003,.017142899,.025714301,5.1900001,0,5.3381939,5.5300002,5.9000001,507.32971,435.83191,1.23,-.031302899,14.45874,2.2562256
1997-03-01,6.6945,6.8520002,6.5370002,.2950002,-.51208401,.016106101,.0197927,.0189631,5.3899999,.0090322001,5.6656618,5.8000002,6.2199998,507.3923,436.59741,1.21,.0038151999,9.1860352,.75109863
1997-04-01,6.8854547,7.0118179,6.7590909,.44000021,-.43846899,.050322499,.058064502,.0503227,5.5100002,.030967699,5.790185,5.9899998,6.4499998,507.4549,436.64221,1.25,.030967699,.53759766,.75109863
1997-05-01,6.7109523,6.8542862,6.5676188,.5399999,-.436481,-.0270967,-.0212903,-.0193548,5.5,-.034838699,5.7194681,5.8699999,6.2800002,507.4549,437.3299,1.23,-.038187001,8.2521973,0
1997-06-01,6.4938097,6.612381,6.3752379,.6250003,-.50729001,-.042903401,-.033709601,-.0306453,5.5599999,-.055161498,5.6781921,5.6900001,6.0900002,507.6423,437.78131,1.2,-.060463,5.4169922,2.2489014
1997-07-01,6.2204547,6.3200002,6.1209092,.44,-.52586198,0,0,0,5.52,-.0193548,5.6480851,5.54,5.8899999,507.76709,438.3895,1.28,-.020690201,7.2982178,1.4974365
1997-08-01,6.2985716,6.4371428,6.1599998,.34000021,-.501028,.0041935001,.0062902998,.0062902998,5.54,.0035484,5.6549649,5.5599999,5.9400001,508.01611,439.7059,1.1799999,-.00069399999,15.796875,2.9882813
1997-09-01,6.2085714,6.3109522,6.1061907,.53000033,-.599141,.0056400001,.0085429996,.0088764001,5.54,.0058064,5.6645832,5.52,5.8800001,508.26459,440.57309,1.22,-5.7200000e-06,10.40625,2.9816895
1997-10-01,6.0295453,6.130909,5.9281816,.54000032,-.47386,-.0048334999,-.0048333001,.0048333001,5.5,0,5.6695142,5.46,5.77,508.4505,441.2547,1.26,0,8.1793213,2.230957
1997-11-01,5.875,5.9461112,5.8038888,.46000019,-.39691699,-.0190001,-.018999901,-.022166699,5.52,0,5.5759931,5.46,5.71,508.57431,442.1395,1.33,-.026384801,10.617554,1.4857178
1997-12-01,5.8086362,5.8440909,5.7731819,.51000023,-.45315599,-.0135806,-.016161401,-.017994599,5.5,-.0051612998,5.5044451,5.5300002,5.7199998,508.63611,442.49411,1.29,-.0152752,4.2553711,.74157715
1998-01-01,5.5444999,5.6729999,5.4159999,.38000011,-.37401801,-.0024194999,-.0048386999,-.0048386999,5.5599999,-.0048386999,5.4330101,5.2399998,5.3600001,508.75961,442.98761,1.45,0,5.9219971,1.4820557
1998-02-01,5.5747366,5.6568422,5.4926314,.32999989,-.353293,.0133929,.0178572,.0223215,5.5100002,0,5.4229569,5.3099999,5.4200001,508.75961,443.07639,1.47,0,1.0653076,0
1998-03-01,5.6472726,5.6827269,5.6118183,.4299998,-.402522,.0016072,.0023042001,.0026785,5.4899998,0,5.4261818,5.3899999,5.5599999,508.75961,443.14191,1.48,-.00032260001,.78625488,0
1998-04-01,5.637619,5.6633329,5.6119046,.51000023,-.47614899,0,.0048386999,0,5.4499998,0,5.4250002,5.3800001,5.5599999,508.883,443.52209,1.5,-.0096773999,4.5622559,1.4805908
1998-05-01,5.6525002,5.677,5.6279998,.47999999,-.43583101,-.0062903999,-.0062902998,-.0062902998,5.4899998,-.0041935001,5.4659958,5.4400001,5.5900002,509.1293,444.19019,1.49,-.0108361,8.0170898,2.9556885
1998-06-01,5.4963636,5.468637,5.5240908,.5,-.42187399,-.0087096998,-.0087096998,-.0087096998,5.5599999,-.0058064,5.4494801,5.4099998,5.52,509.25229,443.60489,1.5,-.0150039,-7.0235596,1.4758301
1998-07-01,5.4613638,5.4613638,5.4613638,.51999998,-.38560501,0,.0049999999,.0049999999,5.54,.0099900002,4.0355139,5.3600001,5.46,509.49771,443.17899,1.49,-.0051599001,-5.1108398,2.9450684
1998-08-01,5.3419046,5.4090481,5.2747617,.57999998,-.040715002,-.0022581001,0,-.0022581001,5.5500002,.0045161,5.3885951,5.21,5.27,509.62009,445.2782,1.58,.0053877998,25.190552,1.4685059
1998-09-01,4.8066669,4.9895239,4.6238093,.69999993,-.103384,-.0024085001,.00066660001,-.0017419,5.5100002,.0101504,5.1116672,4.71,4.6700001,509.6813,444.9563,1.91,.0098754996,-3.862793,.73461914
1998-10-01,4.5300002,4.8757138,4.1842856,1.08,.00044100001,-.1379142,-.1414732,-.1368065,5.0700002,-.071763299,4.5425429,4.1199999,4.0900002,509.92569,445.7471,2.1800001,-.086147301,9.489624,2.9326172
1998-11-01,4.8273683,5.1173682,4.5373683,.65000021,.029069999,-.1314192,-.1218603,-.12886021,4.8299999,-.1129031,4.5145478,4.5300002,4.54,510.04761,445.65948,2.04,-.1416833,-1.0513916,1.4630127
1998-12-01,4.645,4.8400002,4.4499998,.61000019,-.106692,-.017612901,.0010538,-.0053333002,4.6799998,0,4.5079789,4.52,4.5100002,510.23029,446.01349,2.0699999,-.036922701,4.2480469,2.1921387
1999-01-01,4.7221055,4.8436842,4.6005263,.42999989,-.124938,-.0033869999,-.0033871001,0,4.6300001,0,4.5705609,4.5100002,4.6199999,510.4126,446.4603,2.0699999,0,5.3616943,2.1877441
1999-02-01,4.9989476,5.083158,4.9147367,.34999999,-.352341,.0139284,.0092856996,.0046428,4.7600002,0,4.7037139,4.6999998,4.8800001,510.4126,446.89301,1.8099999,.0051998999,5.1925049,0
1999-03-01,5.2326088,5.3247819,5.1404347,.37,-.275318,-.00054139999,-.00089859997,-.0019009,4.8099999,-.0012903,4.7249999,4.7800002,5.0500002,510.4733,447.10721,1.8099999,-.0002451,2.5704346,.72839355
1999-04-01,5.1845455,5.289546,5.0795455,.50000012,-.27951601,-.023387,-.023387101,-.032741901,4.7399998,-.018709701,4.737639,4.6900001,4.98,511.13849,447.33801,1.74,-.0093548,2.7696533,7.9822998
1999-05-01,5.5395002,5.6420002,5.4369998,.31000009,-.27965799,.0541935,.065483801,.074516103,4.7399998,.018064501,4.8329792,4.8499999,5.25,511.19879,448.078,1.61,-.0053877998,8.8798828,.72363281
1999-06-01,5.8995457,5.9899998,5.8090911,.40999979,-.21386699,.062639698,.076016203,.086484,4.7600002,.019602099,5.0964651,5.0999999,5.6199999,511.19879,447.88641,1.65,-.0075420998,-2.2990723,0
1999-07-01,5.7919049,5.9052382,5.6785712,.55999988,-.148228,-.091833398,-.1014999,-.1160001,4.9899998,-.067666501,5.138958,5.0300002,5.5500002,511.6196,448.5621,1.84,-.028999999,8.1082764,5.0496826
1999-08-01,5.9390907,6.036818,5.8413634,.53000033,-.147479,0,-.0012903,-.0064516002,5.0700002,.0038709999,5.2290249,5.1999998,5.6799998,511.85931,448.98071,2,.0090322001,5.0233154,2.8765869
1999-09-01,5.9152379,6.0285721,5.8019047,.64000022,-.0041589998,0,-.0037097,-.018548399,5.2199998,.0111289,5.326365,5.25,5.6599998,512.27728,448.70111,1.9,.0259676,-3.3552246,5.015625
1999-10-01,6.112,6.1904998,6.0335002,1.02,-.040454,.0653226,.087096699,.087096803,5.1999998,.034838699,5.4653792,5.4299998,5.8600001,512.45587,449.97211,1.74,-.0363455,15.251953,2.1430664
1999-11-01,6.0339999,6.099,5.9689999,.73999989,-.078501999,.049677402,.0504032,.0429032,5.4200001,.035166301,5.5854859,5.5500002,5.8600001,512.63422,450.47089,1.71,.032120701,5.9853516,2.1401367
1999-12-01,6.2754545,6.3645449,6.1863637,.67000031,-.31290099,.0559678,.0499194,.047741901,5.3000002,.0282309,5.784575,5.8400002,6.0999999,512.87152,451.26431,1.63,.043008301,9.5211182,2.8476563
2000-01-01,6.6609998,6.7424998,6.5795002,.4199999,-.12087,.029032201,.022580599,.032258201,5.4499998,-.0032258001,6.0012808,6.1199999,6.4400001,513.16718,451.34189,1.55,.0100064,.9309082,3.5478516
2000-02-01,6.5194998,6.3610001,6.678,.3199999,-.10413,0,.0048276,.024137899,5.73,.0048274999,6.1825032,6.2199998,6.6100001,513.57977,451.71939,1.8099999,-.057033099,4.5300293,4.9511719
2000-03-01,6.2565217,6.00913,6.5039129,.31,.153359,-.0017741,.0019466,.0026362999,5.8499999,-.0033724001,6.3666892,6.2199998,6.5300002,514.16638,452.11819,1.98,-.018536801,4.7856445,7.0393066
2000-04-01,5.9905262,5.718421,6.2626314,.4500002,.32984599,-.0032258001,.0032258001,.0032258001,6.02,-.0064452002,6.4823108,6.1500001,6.4000001,514.10779,452.74271,2.1600001,-.029999999,7.4941406,-.703125
2000-05-01,6.4404545,6.193182,6.6877275,.75000012,.498835,.025806401,.0283872,.023225799,6.27,.036129199,6.8032422,6.3299999,6.8099999,514.28333,452.89279,2.0799999,.0213315,1.8010254,2.1064453
2000-06-01,6.0972729,5.8936362,6.300909,.88,.54953003,.0221934,.0236129,.018274199,6.5300002,.0323699,6.777113,6.1700001,6.48,514.86572,452.95041,2.1900001,.017498299,.69140625,6.9887695
2000-07-01,6.0539999,5.9289999,6.1789999,.56,.60797203,-.017999901,-.027000001,-.031500001,6.54,-.013509,6.7087231,6.0799999,6.3400002,515.15558,452.71909,2.099999,-.0224998,-2.7758789,3.4782715
2000-08-01,5.826087,5.5913038,6.0608697,.39999989,.76418,.0048386999,.0096773999,.0096773999,6.5,.0016129001,6.5755482,6.1799998,6.23,515.15558,452.4523,2.2,-.0055515999,-3.201416,0
2000-09-01,5.7989998,5.6634998,5.9345002,.47,.81664401,.0101612,.0203226,.0203226,6.52,.0033871999,6.5184779,6.1300001,6.0799999,515.67542,452.93741,2.1099999,-.0116584,5.8212891,6.2380371
2000-10-01,5.7385712,5.6942859,5.7828569,.39999989,1.252061,.037419301,.046774101,.060806502,6.5100002,.023387,6.4627538,6.0100002,5.9099998,515.84802,452.48651,2.0599999,0,-5.4107666,2.0712891
2000-11-01,5.7171431,5.7366672,5.697619,.33000001,1.288705,.0105808,.0085591003,.0041935001,6.5100002,.0016129001,6.3881159,6.0900002,5.8800001,516.02039,452.47421,2.03,-.0053278999,-.14758301,2.0683594
2000-12-01,5.2405,5.3130002,5.1680002,.57000011,1.360387,.0153871,.010957,0,6.4000001,-.0020967,5.998682,5.5999999,5.3499999,516.24982,452.15491,2.1400001,.0224199,-3.831665,2.7531738
2001-01-01,5.1609526,5.4633331,4.8585715,.34,.90969998,-.1243548,-.085967697,-.085645199,5.98,-.1422579,5.321197,4.8099999,4.7600002,516.82092,451.43329,1.87,-.32905549,-8.6594238,6.8532715
2001-02-01,5.0989475,5.3115792,4.8863158,.2599999,.93511498,-.019032201,-.040322699,-.049354799,5.4899998,.019364599,4.930202,4.6799998,4.6599998,517.0484,450.8291,1.95,.0085135,-7.2502441,2.7297363
2001-03-01,4.8854547,5.1281819,4.6427274,.36000001,.97314298,-.0251613,-.034838699,-.034838699,5.3099999,-.029032201,4.430419,4.3000002,4.3400002,517.10522,450.55731,2.0599999,.0272748,-3.2614746,.68188477
2001-04-01,5.1409998,5.5184999,4.7635002,.57000017,.772219,-.17850541,-.2111613,-.1786613,4.8000002,-.2063012,4.1099958,3.98,4.23,517.27539,450.27869,1.9400001,-.14639381,-3.3435059,2.0419922
2001-05-01,5.3913636,5.855,4.9277272,.31000021,.68665701,-.25536561,-.2752904,-.25198391,4.21,-.28644079,3.8464,3.78,4.2600002,517.7843,449.54959,1.76,-.30103871,-8.7491455,6.1069336
2001-06-01,5.2842855,5.7614279,4.8071427,.18000001,.97603202,-.0523009,-.048709601,-.066516198,3.97,-.0532258,3.588315,3.5799999,4.0799999,518.00958,448.879,1.88,-.029752299,-8.0471191,2.7033691
2001-07-01,5.2361903,5.7104759,4.7619047,.079999998,.56316501,.0563333,.065000102,.052000001,3.77,.065000102,3.5730851,3.6199999,4.04,517.8407,448.43729,1.89,.091000102,-5.3005371,-2.0266113
2001-08-01,4.9713044,5.3686962,4.5739131,.0600002,.60857999,-.0141935,-.0195162,-.015967799,3.6500001,-.0070968,3.4734781,3.47,3.76,517.8407,448.18021,1.98,.0054965001,-3.0849609,0
2001-09-01,4.7317648,5.3482351,4.115294,.17,.99834502,-.025806701,-.0354838,-.029032201,3.0699999,-.0129032,2.4816279,2.8199999,3.1199999,518.2345,447.85349,2.0899999,.0099932998,-3.9206543,4.7255859
2001-10-01,4.5668182,5.2236362,3.9100001,.1199999,.86524802,-.058064502,-.058064502,-.058064502,2.49,-.0387096,2.3464091,2.3299999,2.73,517.95343,447.3623,2.05,-.036212701,-5.894165,-3.3728027
2001-11-01,4.6515002,5.3305001,3.9725001,.1,-.427836,-.1352687,-.1561022,-.1436021,2.0899999,-.1179571,2.1437321,2.1800001,2.78,517.89697,446.82141,2.01,-.1262071,-6.4907227,-.67749023
2001-12-01,5.0875001,5.7855,4.3895001,.090000004,.359763,-.074086197,-.1019626,-.099462502,1.8200001,-.043655898,1.97949,2.22,3.1099999,517.8407,446.8461,1.98,-.0302501,.29626465,-.67529297
2002-01-01,5.0357141,5.7314291,4.3400002,.050000101,.50076699,-.0212903,-.032258,-.031935502,1.73,-.0083871,2.100399,2.1600001,3.03,518.00958,447.4606,1.96,-.0008872,7.3740234,2.0266113
2002-02-01,4.9115791,5.5247369,4.2984209,.059999999,.71221,.018709701,.023387199,.0280647,1.74,.018709701,2.1903739,2.23,3.02,518.17828,447.42059,1.98,.023387199,-.48010254,2.0244141
2002-03-01,5.2839999,5.8299999,4.7379999,.070000097,.266711,-.031451501,-.031451698,-.0335484,1.73,-.018870801,2.4387701,2.5699999,3.5599999,518.45892,448.15869,1.73,-.0108361,8.8571777,3.3676758
2002-04-01,5.2109089,5.7750001,4.6468182,.090000004,.38547799,-.043548301,-.043548301,-.0464518,1.75,-.026129,2.5328541,2.48,3.4200001,518.90613,448.57629,1.78,-.0150039,5.0112305,5.3664551
2002-05-01,5.1645455,5.8345461,4.4945455,.050000001,.414249,-.032258298,-.0443547,-.048387099,1.75,-.016129,2.5645311,2.3499999,3.26,519.01752,449.091,1.65,.0052016,6.1765137,1.3366699
2002-06-01,4.9264998,5.6669998,4.1859999,.059999999,.75176197,-.0052419002,-.0098118996,-.0107796,1.75,-.0055376999,2.393929,2.2,2.99,519.07318,450.06369,1.72,.0012484,11.672241,.66796875
2002-07-01,4.653182,5.4990911,3.8072727,.070000097,1.168366,.0125,.0041665998,.0041665998,1.73,-.0083333999,2.164948,1.96,2.5599999,519.29572,449.72769,1.84,0,-4.0319824,2.6704102
2002-08-01,4.2572727,5.2199998,3.2945454,.079999998,1.19177,-.0490322,-.098064698,-.1195161,1.74,-.0245161,2.0455899,1.76,2.1300001,519.57312,449.86511,2.03,.0263917,1.6490479,3.3288574
2002-09-01,3.8699999,4.802,2.938,.090000004,1.305279,-.0333011,-.066601999,-.082483798,1.75,-.016650399,1.987031,1.72,2,519.73907,449.91711,2.22,.0213349,.62402344,1.9914551
2002-10-01,3.9409091,4.9368181,2.9449999,.12,1.110808,-.0076665999,-.0153334,-.023,1.75,-.0038333,1.909878,1.65,1.91,519.96008,449.5853,2.1700001,.0153334,-3.9818115,2.6520996
2002-11-01,4.0484209,5.0421052,3.0547369,.13,.78456801,-.058333401,-.070833199,-.074999802,1.34,-.0708334,1.550944,1.49,1.92,520.12549,450.13141,2.02,-.1666667,6.5533447,1.9848633
2002-12-01,4.0323811,5.0314288,3.0333333,.12,.66198099,-.0010216,.0035753001,.013387,1.24,-.0070698,1.528298,1.45,1.84,520.29071,449.67929,2.02,-.033333302,-5.425415,1.982666
2003-01-01,4.0485716,5.0447621,3.052381,.0900001,.58920401,.0087099001,.0130644,.0169356,1.24,.0058064,1.492563,1.36,1.74,520.7298,450.37619,1.87,.00096769998,8.362793,5.269043
2003-02-01,3.9026315,4.9073682,2.8978946,.0900001,.394674,.0406451,.0541935,.049677402,1.26,.0270967,1.495378,1.3,1.63,521.27588,450.74509,1.9400001,.0090322001,4.4267578,6.5529785
2003-03-01,3.807143,4.8304758,2.7838094,.060000099,-.153522,-.0067742001,0,-.0067742001,1.25,-.0090322001,1.40438,1.24,1.5700001,521.43921,450.54611,1.9400001,.010762,-2.3876953,1.9599609
2003-04-01,3.9585714,4.9885712,2.9285715,.070000097,-.138374,-.0082259001,0,-.0082259001,1.26,-.0109677,1.4431649,1.27,1.62,521.05792,449.72491,1.85,.013068,-9.8543701,-4.5754395
2003-05-01,3.5690477,4.6223812,2.5157144,.12,-.85425901,-.067096703,-.096451499,-.1216128,1.26,-.0335484,1.2994469,1.1799999,1.42,520.89398,449.71121,1.91,.0311999,-.16442871,-1.9672852
2003-06-01,3.3342857,4.4028568,2.2657144,.090000004,-.56120902,.0070968,.0104516,.00061270001,1.22,.0145483,1.106383,1.01,1.23,521.00317,449.7197,1.9,.033,.10180664,1.3103027
2003-07-01,3.9754546,5.0786362,2.8722727,.1100001,-1.32735,.079999901,.1159999,.096000001,1.01,.084000103,1.103864,1.12,1.47,521.33038,450.07169,1.65,.1080003,4.223877,3.9265137
2003-08-01,4.4452381,5.5204759,3.3699999,.0900001,-.225067,-.016129,-.032258,-.051612899,1.03,0,1.153723,1.3099999,1.86,521.76501,449.95239,1.8099999,0,-1.4315186,5.2155762
2003-09-01,4.2742858,5.3638101,3.184762,.1000001,-.69479501,-.0113709,-.0152419,-.033386901,1.01,0,1.167766,1.24,1.71,522.0896,450.5585,1.88,.0053599002,7.2733154,3.8950195
2003-10-01,4.2904544,5.395,3.185909,.13,-.54341203,-.0141129,-.0123386,-.022419499,1.01,-.0012903,1.218528,1.25,1.75,521.98151,450.52219,1.66,.0047146999,-.43579102,-1.2971191
2003-11-01,4.3000002,5.312778,3.2872221,.1300001,-.54005301,-.078387,-.1001613,-.1175807,1,-.0087096998,1.277872,1.34,1.9299999,522.03558,451.27591,1.63,-.0043547,9.0446777,.64892578
2003-12-01,4.2677274,5.266818,3.2686365,.1500001,-.49322,.0037096001,.040806498,.063064598,.98000002,.0037096001,1.3231519,1.3099999,1.91,522.30548,451.19351,1.61,0,-.98876953,3.2387695
2004-01-01,4.1504998,5.1795001,3.1215,.1300001,-.71141797,.0154839,.038064498,.053548299,1,.0019355,1.366438,1.24,1.76,522.73578,451.48471,1.59,.00064520002,3.4943848,5.1635742
2004-02-01,4.0842104,5.1005259,3.0678947,.079999998,-.28672799,.095806599,.161129,.213387,1.01,.0043549999,1.366056,1.24,1.74,522.95032,452.0488,1.5599999,.0043547,6.769043,2.5744629
2004-03-01,3.8265216,4.866087,2.7869565,.060000099,-.53386497,-.030967999,-.041290499,-.051612899,1,-.0025806001,1.245267,1.1900001,1.58,523.16431,451.51141,1.62,0,-6.4486084,2.5678711
2004-04-01,4.3476191,5.3057141,3.3895237,.11,-.74057299,-.029032201,-.0387096,-.048387099,1,-.0024194999,1.509727,1.4299999,2.0699999,523.32452,451.918,1.48,0,4.8790283,1.9226074
2004-05-01,4.7154999,5.5805001,3.8505001,.050000101,-.32343599,.0045161,.0090322001,.018064501,1,-.0045161,1.806241,1.78,2.53,523.75049,452.64209,1.55,-.0103688,8.6890869,5.1115723
2004-06-01,4.7338095,5.5385709,3.9290476,.070000097,-.333673,-.00051590003,.00013450001,.0014355,1.03,-.00081709999,2.039294,2.1199999,2.76,524.12183,451.84769,1.5599999,-.0012777,-9.5328369,4.4560547
2004-07-01,4.498095,5.3076191,3.6885715,.17,-.30648199,-.028999999,-.024166601,-.0145001,1.26,-.0096666999,2.2402539,2.0999999,2.6400001,524.2276,452.62799,1.5599999,-.0048334999,9.3636475,1.2692871
2004-08-01,4.2813635,5.088182,3.4745455,.14,-.46136799,.031935502,.031935502,.028387301,1.4299999,.0283799,2.343641,2.02,2.51,524.28052,452.80551,1.59,.0052372999,2.130249,.63500977
2004-09-01,4.1257143,4.8961911,3.3552382,.1000001,-.598777,.0080645001,.0080645001,.0049462002,1.61,.0082767,2.4795451,2.1199999,2.53,524.59711,452.84579,1.62,.0021426999,.48339844,3.7990723
2004-10-01,4.0970001,4.8464999,3.3475001,.1900001,-.57480901,-.0099999998,-.0099999998,-.0133333,1.76,-.0066666999,2.556833,2.23,2.5799999,525.12262,453.79611,1.62,0,11.403809,6.3061523
2004-11-01,4.1939998,4.8629999,3.5250001,.1100001,-.701047,-.0139999,-.0279999,-.035000101,1.9299999,-.0069931,2.7702899,2.5,2.8499999,525.59308,453.99551,1.54,-.0052499999,2.3928223,5.6455078
2004-12-01,4.2309089,4.863636,3.5981817,.15000001,-.85373002,-.0147097,-.0207098,-.026613001,2.1600001,-.0059000999,2.978138,2.6700001,3.01,525.59308,454.66879,1.52,-.0075512002,8.0793457,0
2005-01-01,4.2214999,4.7360001,3.707,.20000011,-.806862,-.0062903999,-.0062903999,-.0083871,2.28,-.0020969,3.174432,2.8599999,3.22,525.54102,455.07932,1.49,-.0038288001,4.9262695,-.62475586
2005-02-01,4.1652632,4.5642099,3.7663157,.13500009,-1.09208,-.0144641,-.019285699,-.019285699,2.5,0,3.2899389,3.03,3.3800001,525.95758,455.70459,1.46,0,7.5032959,4.9987793
2005-03-01,4.4977274,4.8299999,4.1654544,.079999998,-.73068899,.022044901,.0299308,.0331566,2.6300001,.0032258001,3.4926541,3.3,3.73,526.3208,455.6424,1.4299999,0,-.74633789,4.3586426
2005-04-01,4.3409524,4.6833329,3.9985714,.1900001,-.53511,.047419298,.064354897,.071129099,2.79,.0067742001,3.6303689,3.3199999,3.6500001,526.63098,455.73029,1.52,0,1.0546875,3.722168
2005-05-01,4.1442857,4.4357138,3.8528571,.25000009,-.38601899,.0140324,.023387199,.032742001,3,.0093548,3.7197161,3.3299999,3.6400001,526.57941,455.9126,1.58,-.0051731998,2.1877441,-.61889648
2005-06-01,3.9981818,4.2240911,3.7722726,.30000001,-.56438601,.0028011999,.0032794001,.003758,3.04,.0011451,3.7953501,3.3599999,3.6400001,526.63098,456.3306,1.58,-.00052330003,5.0159912,.61889648
2005-07-01,4.1774998,4.3759999,3.9790001,.25,-.65374202,.053166401,.048333399,.043499898,3.26,.0145001,3.9473979,3.6400001,3.8699999,527.24872,456.1933,1.52,-.0048334999,-1.647583,7.4128418
2005-08-01,4.2626085,4.4030428,4.1221738,.2,-.72100502,-.0185483,-.0185485,-.022258,3.5,-.0074192998,4.15165,3.8699999,4.04,527.86249,456.31851,1.5599999,-.0052307001,1.5025635,7.3652344
2005-09-01,4.1990476,4.3919048,4.0061903,.30000001,-.55572301,-.00095179997,-.002785,-.0040752999,3.6199999,.0084193004,4.2340498,3.8499999,3.95,529.22992,454.34579,1.5700001,.0146806,-23.672607,16.40918
2005-10-01,4.4635,4.5984998,4.3284998,.30000001,-.455134,.0094999997,.0063334,.0063334,3.78,.0190001,4.4455099,4.1799998,4.27,529.38068,455.58121,1.61,.028500101,14.824951,1.809082
2005-11-01,4.5349998,4.6174998,4.4524999,.3499999,-.38656801,.0099999998,.0099999998,.0150001,4,0,4.5425329,4.3299999,4.4200001,528.8772,456.55191,1.79,-.0051801,11.648438,-6.041748
2005-12-01,4.4671431,4.5419049,4.3923812,.4466666,-.39437401,-.0091933999,-.0183871,-.0183871,4.1599998,-.0030646001,4.6627998,4.3499999,4.4000001,528.8772,457.12021,1.8,-.0052772001,6.8195801,0
2006-01-01,4.4159999,4.4864998,4.3455,.2033336,-.457407,-.0050001,-.0104837,-.0103226,4.29,-.0011289,4.7019849,4.4499998,4.4000001,529.48108,457.21719,1.73,-.0031713999,1.1638184,7.246582
2006-02-01,4.5689473,4.5657902,4.5721054,.1200002,-.34859699,.024193499,.033870898,.0387096,4.4899998,.024193499,4.8227739,4.6799998,4.6700001,529.53131,457.29761,1.6799999,.0048386999,.96496582,.6027832
2006-03-01,4.7239132,4.731739,4.7160869,.24999981,-.51582497,.0070968,.0077419002,.0083871,4.5900002,.0038709999,4.9317498,4.77,4.73,529.68158,457.54749,1.6,0,2.9985352,1.8032227
2006-04-01,4.9905262,5.078948,4.9021053,.27000019,-.52981502,.047903299,.052258,.056612998,4.79,.026129,5.0277982,4.9000001,4.8899999,530.18121,457.93381,1.52,0,4.6358643,5.9956055
2006-05-01,5.1100001,5.2222729,4.9977274,.29000029,-.400727,.039032198,.046128999,.046128999,4.9400001,.024838701,5.115274,5,4.9699998,530.47961,457.8226,1.49,0,-1.3344727,3.5808105
2006-06-01,5.1063638,5.1454539,5.0672727,.50000012,-.44906899,.0129678,.0162044,.0162041,4.9899998,.0084945997,5.3256712,5.1599998,5.1199999,530.72772,458.207,1.5700001,-.00099990005,4.612793,2.9772949
2006-07-01,5.0875001,5.1350002,5.04,.30000031,-.37863401,-.0420001,-.037333298,-.037333298,5.2399998,-.0233333,5.351861,5.2199998,5.1199999,531.2713,458.2554,1.67,-.0140002,.58081055,6.5229492
2006-08-01,4.8765216,4.9308701,4.8221741,.25,-.42324501,-.0270967,-.023225799,-.023225799,5.25,-.0270967,5.250617,5.0799999,4.9000001,531.71393,458.4621,1.64,-.036526401,2.4803467,5.3115234
2006-09-01,4.7189999,4.7705002,4.6675,.4000001,-.52298802,-.00057009998,.00055910001,.0042257002,5.25,-.0079031,5.1401501,4.9699998,4.77,531.22198,458.33029,1.6799999,-.0161498,-1.581665,-5.9033203
2006-10-01,4.7290478,4.7714291,4.6866665,.27000001,-.540093,.0115378,.0104086,.0156131,5.25,-.0011292,5.1354489,5.0100002,4.8000002,530.77722,458.23639,1.63,-.0106227,-1.1268311,-5.3371582
2006-11-01,4.5952382,4.6080952,4.5823808,.23,-.52447999,-.0038709999,-.0077419002,-.0116129,5.25,-.0038709999,5.1004329,5.0100002,4.7399998,530.82678,458.12009,1.64,-.0038709999,-1.3956299,.59472656
2006-12-01,4.5644999,4.5960002,4.533,.34000021,-.66160703,-.0096773999,-.0354838,-.0387096,5.2399998,-.0032258001,5.0701962,4.9400001,4.6700001,531.36987,459.13901,1.58,0,12.227051,6.5170898
2007-01-01,4.7595239,4.766191,4.7528572,.19,-.67833102,-.0053226999,-.019838801,-.0219355,5.25,-.0019355,5.0948191,5.0599999,4.8800001,531.53558,458.66071,1.46,-.00016140001,-5.739624,1.9885254
2007-02-01,4.7226315,4.7347369,4.7105265,.1499999,-.73568898,0,-.0096773999,-.0193551,5.2600002,-.0048386999,5.1290278,5.0500002,4.8499999,531.92273,459.77011,1.5700001,-.0048386999,13.312866,4.645752
2007-03-01,4.5645456,4.6481819,4.4809089,.25999999,-.48583999,-.0337095,-.040806498,-.040806498,5.2600002,-.005326,5.09655,4.9200001,4.5700002,532.44141,459.8443,1.6,0,.89025879,6.2241211
2007-04-01,4.6938095,4.7942858,4.5933332,.33000019,-.485028,-.061290301,-.0741935,-.0741935,5.25,-.0096837999,5.097024,4.9299998,4.6700001,532.74103,460.56821,1.49,0,8.6868896,3.595459
2007-05-01,4.7463636,4.8254552,4.6672726,.46000001,-.73634398,.0259676,.040806498,.044516299,5.25,.0037096001,5.100235,4.9099998,4.77,533.15338,460.6279,1.51,-.005223,.71630859,4.9482422
2007-06-01,5.1028571,5.1795239,5.0261903,.61999989,-.49532399,.0095322002,.0156934,.0179839,5.25,.0012903,5.1941228,4.96,4.98,533.38483,460.63281,1.5599999,-.0018167,.058959961,2.7773438
2007-07-01,5.0042858,5.1238089,4.8847618,.39999989,-.084555998,.0045002,.0135,.0224998,5.2600002,0,5.223629,4.96,4.8200002,533.56268,460.6604,1.7,0,.33105469,2.1342773
2007-08-01,4.6747828,4.9173908,4.4321737,1.05,.082753003,-.0120969,-.032258,-.040322501,5.02,0,4.867065,4.4699998,4.3099999,533.59363,460.78659,1.9,.0052097002,1.5142822,.37133789
2007-09-01,4.5215788,4.8442111,4.1989474,1.03,-.0011089999,-.083069801,-.081408702,-.076843999,4.9400001,-.073666804,4.4560938,4.1399999,4.0100002,534.01642,461.22931,1.86,-.085416302,5.3126221,5.0734863
2007-10-01,4.5277271,4.8572731,4.1981816,.7299999,-.081753001,-.1025753,-.093429998,-.084607601,4.7600002,-.095365502,4.3723359,4.0999999,3.97,534.32428,460.73911,1.85,-.1141396,-5.8824463,3.6943359
2007-11-01,4.1485,4.6300001,3.6670001,1.15,.214839,.067741901,.0870969,.096774101,4.4899998,.029032201,4.1157041,3.5,3.3399999,535.10712,461.31909,2.0599999,-.024184,6.9598389,9.394043
2007-12-01,4.0974998,4.7075,3.4875,1.23,.38547501,.084677503,.0101612,-.0406451,4.2399998,.0203228,3.841383,3.26,3.1199999,535.39648,461.33371,2,.0210068,.17541504,3.4724121
2008-01-01,3.7442856,4.5080948,2.9804761,.5,.67883998,.00064520002,-.017419299,-.029032201,3.9400001,-.039032198,2.81353,2.71,2.48,535.74072,461.01361,2.02,-.1474192,-3.8411865,4.1308594
2008-02-01,3.7375,4.6960001,2.779,.60000008,.84825802,-.1753225,-.1227419,-.080322497,2.98,-.2062905,2.4899759,2.05,1.97,535.98218,460.81741,2.1800001,-.42258739,-2.3543701,2.8974609
2008-03-01,3.51,4.5365,2.4835,1.09,1.091471,.0112903,.0045161,.0022581001,2.6099999,.033870898,1.91392,1.54,1.62,536.33929,460.52481,2.46,.043079399,-3.5112305,4.2854004
2008-04-01,3.675,4.508636,2.8413637,.69999999,.59478003,.0108762,.0028172,.00090839999,2.28,.0386291,1.953101,1.74,2.05,536.5705,459.7413,2.24,.0501437,-9.4020996,2.7744141
2008-05-01,3.8800001,4.606667,3.1533332,.27000001,.62882602,-.082166404,-.077333197,-.053166401,1.98,-.072499998,2.0416529,2.0599999,2.45,537.16052,459.27451,2.1600001,-.062833302,-5.6015625,7.0803223
2008-06-01,4.099524,4.713809,3.4852381,.34999999,.70485598,-.0060000001,-.0039999001,-.003,2,.003,2.151957,2.4200001,2.77,538.20288,459.0705,2.22,-.0019999,-2.4481201,12.508301
2008-07-01,4.0077271,4.7122731,3.3031819,.55000001,1.0561759,-.0240002,-.016000001,-.0120001,2.01,.0120001,2.163048,2.28,2.5699999,538.91449,458.61731,2.4200001,-.0079998998,-5.4382324,8.5393066
2008-08-01,3.8857143,4.6295242,3.1419048,.36000001,1.150368,-.0217741,-.021774299,-.030484,2,-.026129,2.1838629,2.1800001,2.4200001,538.7655,457.00159,2.5899999,-.0025959001,-19.388672,-1.7878418
2008-09-01,3.6861906,4.4880948,2.8842857,1,1.4943351,.039274201,.029274199,.0154839,1.8099999,.056129001,2.014389,1.91,2.0799999,538.85101,452.6987,2.3499999,.053180698,-51.634644,1.026123
2008-10-01,3.814091,4.9018178,2.7263637,1.4,2.9709449,.022177501,.0131452,.0069356002,.97000003,.0474272,1.101337,1.42,1.61,537.98743,453.52301,2.3900001,-.043731701,9.8917236,-10.363037
2008-11-01,3.5266666,4.7616668,2.2916667,1.26,2.0014119,-.049677599,-.075645201,-.086935498,.38999999,-.047417201,.81507581,1.0700001,1.21,536.20099,452.3573,2.5599999,-.059003402,-13.988525,-21.437256
2008-12-01,2.4163637,3.310909,1.5218182,.94,2.23929,-.1522579,-.1574194,-.1574194,.16,-.095489003,.2141033,.49000001,.81999999,535.37433,449.49438,2.9100001,-.082668297,-34.35498,-9.9199219
2009-01-01,2.5174999,3.4384999,1.5965,.18000001,2.1762829,-.1440322,-.14951611,-.14951611,.15000001,-.089520901,.1949247,.44,.81,535.63599,447.21881,2.54,-.076856598,-27.306885,3.1398926
2009-02-01,2.8699999,3.8684211,1.8715789,.18000001,2.601959,-.0087096998,-.0130644,-.0130644,.22,0,.2185756,.62,.98000002,536.04608,446.57599,2.26,.0043549999,-7.7138672,4.9211426
2009-03-01,2.8195455,3.8231821,1.8159091,.16,2.1323631,-.027097,-.0270967,-.024838701,.18000001,-.0045161,.2109728,.63999999,.93000001,535.90503,445.02802,2.1800001,0,-18.575684,-1.692627
2009-04-01,2.9271429,3.996191,1.8580952,.12,1.926129,-.032236598,-.031569999,-.027828,.15000001,-.0051508001,.2281483,.55000001,.93000001,535.96808,444.18649,1.88,.00033330001,-10.098267,.7565918
2009-05-01,3.293,4.4520001,2.1340001,.050000001,.98359501,.0093336003,.0186667,.032666702,.18000001,.0046668001,.2478328,.5,.93000001,536.1283,443.1611,1.5700001,.0046668001,-12.304688,1.9226074
2009-06-01,3.7218182,4.7377272,2.705909,.079999998,.63275099,.0081668003,.0128334,.0186667,.20999999,0,.27322921,.50999999,1.1799999,536.96661,442.79221,1.7,0,-4.4267578,10.059814
2009-07-01,3.5622728,4.661818,2.4627273,.1,.078029998,.0268331,.042166501,.061333202,.16,0,.29781681,.47999999,1.02,536.93347,443.65341,1.66,0,10.334473,-.39770508
2009-08-01,3.5871429,4.603333,2.5709524,.07,-.228104,-.0096773999,-.0129032,-.0129032,.16,-.0032258001,.3295024,.46000001,1.12,537.26923,444.70111,1.6,0,12.572388,4.0290527
2009-09-01,3.4019048,4.434762,2.3690476,.07,-.144004,-.0306559,-.040430099,-.043096799,.15000001,-.0057743001,.30164891,.40000001,.95999998,537.47229,445.38031,1.66,-.0013332,8.1503906,2.4367676
2009-10-01,3.387619,4.4423809,2.3328571,.12,-.348584,-.0696669,-.091666698,-.098999999,.12,-.0109999,.35593969,.37,.94999999,537.75067,445.69379,1.5599999,-.0036669001,3.7617188,3.3405762
2009-11-01,3.4026315,4.5747371,2.2305262,.1,-.151492,-.0134997,-.017999901,-.031500101,.12,-.0089910002,.35758981,.31,.80000001,538.06567,446.17551,1.48,-.0051928,5.7806396,3.7800293
2009-12-01,3.5899999,4.8395448,2.3404546,.11,-.56973398,-.0015001,.0031612001,.0094031999,.12,-.0035796,.39469391,.37,.87,538.15778,446.6409,1.34,-.016577199,5.5847168,1.1052246
2010-01-01,3.7331579,4.9821048,2.4842105,.07,-.22957399,.0016130999,.010484,.021774299,.11,-.0024194999,.43962169,.34999999,.93000001,538.20978,447.69269,1.3,-.0158062,12.62146,.62402344
2010-02-01,3.6910527,5.0184212,2.3636842,.039999999,.036577001,.0083871,.0293548,.050322499,.13,0,.49749321,.34999999,.86000001,538.15369,448.07639,1.3,-.0041938,4.6043701,-.6730957
2010-03-01,3.7273912,5.021739,2.4330435,.050000001,-.093996003,-.0154839,-.023225799,-.0283871,.16,-.0051612998,.46971959,.40000001,.95999998,538.16467,448.83051,1.24,-.0026684001,9.0494385,.13183594
2010-04-01,3.8468182,5.1122732,2.5813637,.07,-.22701301,-.0160165,-.0232742,-.0276129,.2,-.0058386,.55822521,.44999999,1.0599999,538.11908,449.1636,1.25,-.0025015001,3.9971924,-.54711914
2010-05-01,3.4200001,4.6599998,2.1800001,.12,-.177303,-.0134997,-.0135,-.0090001002,.2,-.0090001002,.4792186,.37,.82999998,538.09558,450.72861,1.47,0,18.780029,-.28198242
2010-06-01,3.2040908,4.411818,1.9963636,.2,-.040396001,.0026664999,.0013332,.0013335,.18000001,0,.3795163,.31999999,.72000003,538.14117,450.94781,1.54,.0013332,2.6304932,.54711914
2010-07-01,3.0114286,4.2600002,1.7628571,.11,.16767,.0073333001,.0036666,.0036666,.18000001,0,.3375217,.28999999,.62,538.30719,451.53101,1.55,.0036669001,6.998291,1.9921875
2010-08-01,2.6986363,3.931818,1.4654545,.090000004,-.48936301,-.0141935,-.024838701,-.0283871,.19,0,.28390959,.25999999,.51999998,538.45868,451.79669,1.73,.0026183,3.1882324,1.8178711
2010-09-01,2.647619,3.884762,1.4104762,.090000004,-.085991003,-.0091394996,-.0134945,-.0149462,.19,.0016668,.2454063,.25999999,.47999999,538.5957,452.05151,1.7,.0010715,3.0578613,1.6442871
2010-10-01,2.54,3.8975,1.1825,.1,-.035420999,-.0066666999,-.0066666999,-.0066666999,.19,.0033332999,.2360595,.23,.38,538.90527,451.70871,1.6900001,0,-4.1136475,3.7148438
2010-11-01,2.763,4.1760001,1.35,.090000004,-.15505899,-.0093336003,-.0046668001,-.0046668001,.19,.0046665999,.2312046,.25,.44999999,539.12201,451.97809,1.54,.0077744001,3.2325439,2.6008301
2010-12-01,3.2909091,4.6472731,1.9345455,.090000004,-.40317199,-.00066660001,-.0032365001,-.0032365001,.18000001,.00033330001,.2286458,.28999999,.62,539.57532,452.96109,1.42,.00055549998,11.796021,5.4396973
2011-01-01,3.3940001,4.7934999,1.9945,.090000004,.081906997,-.00096799998,-.0040324,-.0069354,.17,-.00096769998,.2480315,.27000001,.61000001,539.84662,452.83841,1.37,-.00096749997,-1.472168,3.2556152
2011-02-01,3.5763159,4.8947368,2.2578948,.1,-.217003,-.0040321001,-.0080645001,-.0201614,.16,-.0040321001,.28278771,.28999999,.76999998,540.22632,452.36871,1.37,-.0040321001,-5.6363525,4.5563965
2011-03-01,3.4143479,4.7152181,2.1134782,.13,-.25032601,0,.0054839002,.0109677,.14,0,.29237789,.25999999,.69999999,540.76471,453.38211,1.4299999,0,12.160767,6.4606934
2011-04-01,3.4549999,4.7410002,2.1689999,.14,-.216373,0,.0045161,.0090322001,.1,0,.3326585,.25,.73000002,541.1106,452.8035,1.38,0,-6.9433594,4.1506348
2011-05-01,3.1685715,4.4947619,1.842381,.12,-.084545001,0,0,0,.090000004,0,.3547948,.19,.56,541.49762,453.16589,1.47,0,4.3487549,4.6442871
2011-06-01,3.0022726,4.4245448,1.58,.11,.081981003,.0015001,.0015001,.0045002,.090000004,-.0015001,.3185592,.18000001,.41,541.64117,453.34311,1.51,0,2.1265869,1.7226563
2011-07-01,3.003,4.4650002,1.541,.1,-.020915,.0035000001,.0035000001,.0105,.07,-.0035000001,.28872809,.19,.41,541.87372,453.91241,1.55,0,6.831665,2.7905273
2011-08-01,2.3030436,3.5847831,1.0213042,.14,-.250424,.0037098001,-.025967799,-.059354998,.1,-.0037096001,.1441168,.11,.23,542.13623,454.45831,1.97,-.0052232998,6.5507813,3.1501465
2011-09-01,1.9752381,3.05,.90047622,.13,.28926799,.019623799,.0126345,.0010216,.079999998,.0053762998,.13533971,.1,.20999999,542.38611,454.56491,2.1300001,.0009632,1.2791748,2.9985352
2011-10-01,2.152,3.2425001,1.0615,.13,-.30655599,.036666401,.043333299,.043333299,.07,.0133333,.1316123,.11,.28,542.37512,455.1214,1.92,.0055598998,6.6778564,-.13183594
2011-11-01,2.0135,3.119,.90799999,.13,.38204899,.0096669002,.0096666999,.0145001,.079999998,.0096666999,.1318263,.11,.25,542.5166,455.3454,1.98,0,2.6879883,1.6977539
2011-12-01,1.9780952,3.0647621,.89142859,.13,.10295,.0064621,.0064623002,.006629,.07,.00033330001,.122293,.12,.25999999,542.55542,455.93771,1.98,.0026417,7.1077881,.46582031
2012-01-01,1.9665,3.098,.83499998,.11,.030121,.00048399999,-.0017741,-.0040324,.079999998,0,.120271,.12,.23999999,542.76123,456.6387,1.95,.00053929997,8.4118652,2.4697266
2012-02-01,1.9675,3.1040001,.83099997,.079999998,-.121284,-.0116129,-.0193548,-.0270967,.1,0,.1238258,.16,.28,543.04547,457.12741,1.92,-.0038709999,5.864502,3.4108887
2012-03-01,2.1727273,3.328182,1.0172727,.1,-.529989,.0030646001,.0091933999,.0122581,.13,0,.1361039,.19,.34,543.35028,456.5798,1.78,0,-6.5712891,3.6577148
2012-04-01,2.0528572,3.210952,.89476192,.12,-.36721301,.0019355,.0058064,.0077419002,.14,0,.13472711,.18000001,.28999999,543.35083,457.32379,1.86,0,8.9278564,.0065917969
2012-05-01,1.8031818,2.8445449,.76181817,.1,-.35084701,0,0,0,.16,0,.147393,.19,.28999999,543.21838,457.57849,2,0,3.0563965,-1.5893555
2012-06-01,1.622381,2.5333331,.71142858,.12,-.067984998,.0073333001,.0073333001,.0073333001,.16,.0036666,.1516341,.19,.28999999,543.33899,457.6073,2.0599999,.0027536999,.34570313,1.4472656
